county,auction_source,item_id,parcel_id,property_type,address,city,zip,opening_bid,assessed_value,assessed_estimated,default_date,has_situs_address,source_status,opening_bin,historical_sold_rate,historical_bin_samples,competition_multiplier,market_factor,estimated_market_value,estimated_winning_bid,buyer_premium,estimated_transfer_tax,estimated_recording_fee,estimated_total_cost,gross_upside,estimated_roi_pct,default_age_years,risk_penalty,confidence_score,liquidity_factor,hidden_gem_score,recommended_max_bid,risk_flags,recommended_property,rank,latitude,longitude,geocoded_address,geocode_source,parcel_acres,parcel_attr_hit,flood_zone,flood_risk,floodway_flag,fire_risk,zoning_landuse,hazwaste_overlap,overlay_notes,buildability_gate,buildability_reasons,occupancy_risk,possession_months_est,carry_cost_est,title_lien_risk_score,title_lien_tier,title_clearance_budget,expected_total_cost_pro,net_upside_pro,roi_pro_pct,pro_score,recommended_bid_pro,recorder_search_url,parcel_map_url,ucc_search_url,rtc_3712_reference_url,requires_attorney_review,market_value_bear,market_value_base,market_value_bull,roi_bear_pct,roi_bull_pct,capital_required,success_probability,expected_profit,expected_profit_density,portfolio_rank
San Diego,San Diego 2026,332,4906313100,Improved Property,8332 CASE ST LA MESA CA 91942-2919,La Mesa,91942.0,128000.0,2070844.0,False,,True,ACTIVE,100k+,0.8888888888888888,24,2.0704594594594594,1.03,2132969.32,265018.8108108108,6850.940540540541,291.52069189189194,12.0,272173.2720432433,1860796.0479567563,683.6806692984572,0.0,8.0,92.0,1.0,98.4,1629496.2,,True,2,32.774083520691,-117.019908477611,"8332 CASE ST, LA MESA, CA, 91942",cache,2.09,True,,unknown,False,low,,False,zoning-miss,PASS,none,high,10,16330.396322594595,30.0,low,1500.0,290003.6683658379,1842965.6516341616,635.4973583676436,77.31428571428572,True,https://www.sdarcc.gov/content/arcc/home/divisions/recorder-clerk.html,https://gis-portal.sandiegocounty.gov/arcgis/apps/webappviewer/index.html?id=19eedf3237644195b0201c923e49bc12,https://www.sos.ca.gov/business-programs/ucc/,https://leginfo.legislature.ca.gov/faces/codes_displaySection.xhtml?lawCode=RTC&sectionNum=3712.,False,1877013.0016,2132969.32,2303606.8656,547.2376753635265,694.3371470370553,272173.2720432433,0.6991999999999999,1288601.5836226058,4.734489812129205,1
San Diego,San Diego 2026,331,4906312700,Unimproved property,CASE ST LA MESA CA 91942,La Mesa,91942.0,64000.0,1069557.0,False,,True,ACTIVE,20k-100k,0.9285714285714286,13,2.204889975550122,1.0,1069557.0,141112.9584352078,3855.647921760391,155.2242542787286,12.0,145135.83061124693,924421.1693887532,636.935183748566,0.0,8.0,92.0,0.9,88.56,817080.77,,True,4,,,,cache,0.89,True,,unknown,False,unknown,,False,no-geocode,PASS,none,low,2,1741.629967334963,20.0,low,1500.0,148377.4605785819,921179.539421418,620.8352237795268,75.90857142857143,True,https://www.sdarcc.gov/content/arcc/home/divisions/recorder-clerk.html,https://gis-portal.sandiegocounty.gov/arcgis/apps/webappviewer/index.html?id=19eedf3237644195b0201c923e49bc12,https://www.sos.ca.gov/business-programs/ucc/,https://leginfo.legislature.ca.gov/faces/codes_displaySection.xhtml?lawCode=RTC&sectionNum=3712.,False,941210.16,1069557.0,1155121.56,534.3349969259835,678.502041681889,145135.83061124693,0.7304142857142858,672842.6953011098,4.635951663124113,2
San Diego,San Diego 2026,203,2771500100,Unimproved property,EAGLES CREST RD RAMONA CA 92065,Ramona,92065.0,52000.0,812407.0,False,,True,ACTIVE,20k-100k,0.9285714285714286,13,2.204889975550122,1.0,812407.0,114654.27872860635,3132.713936430318,126.119706601467,12.0,117925.11237163814,694481.8876283618,588.9177238514889,0.0,8.0,92.0,0.9,88.56,620791.17,,True,5,,,,cache,16.73,True,,unknown,False,unknown,,False,no-geocode,PASS,none,low,2,1415.1013484596576,20.0,low,1500.0,120840.2137200978,691566.7862799022,572.2985461460523,75.90857142857143,True,https://www.sdarcc.gov/content/arcc/home/divisions/recorder-clerk.html,https://gis-portal.sandiegocounty.gov/arcgis/apps/webappviewer/index.html?id=19eedf3237644195b0201c923e49bc12,https://www.sos.ca.gov/business-programs/ucc/,https://leginfo.legislature.ca.gov/faces/codes_displaySection.xhtml?lawCode=RTC&sectionNum=3712.,False,714918.16,812407.0,877399.56,491.6227206085261,626.0824298377366,117925.11237163814,0.7304142857142858,505130.26022435894,4.2834833909884535,3
San Diego,San Diego 2026,342,5171215700,Improved Property,1702 LAYNE PL EL CAJON CA 92019-4265,El Cajon,92019.0,91000.0,792092.0,False,,True,ACTIVE,20k-100k,0.9285714285714286,13,2.204889975550122,1.03,815854.76,200644.9877750611,5482.249388753055,220.70948655256723,12.0,206359.9466503668,609494.8133496332,295.35519040538094,0.0,8.0,92.0,1.0,98.4,625270.49,,True,1,32.761415896065,-116.912693272324,"1702 LAYNE PL, EL CAJON, CA, 92019",cache,0.52,True,,unknown,False,low,RR | -,False,,PASS,none,high,10,12381.596799022009,30.0,low,1500.0,220241.5434493888,595613.2165506112,270.43636147032464,77.31428571428572,True,https://www.sdarcc.gov/content/arcc/home/divisions/recorder-clerk.html,https://gis-portal.sandiegocounty.gov/arcgis/apps/webappviewer/index.html?id=19eedf3237644195b0201c923e49bc12,https://www.sos.ca.gov/business-programs/ucc/,https://leginfo.legislature.ca.gov/faces/codes_displaySection.xhtml?lawCode=RTC&sectionNum=3712.,False,717952.1888,815854.76,881123.1408,225.98399809388567,300.0712703879506,206359.9466503668,0.7304142857142858,435044.4021288029,2.1081823735198646,4
San Diego,San Diego 2026,363,5461000500,Unimproved property,J ST,San Diego,92102.0,103900.0,796478.0,False,,True,ACTIVE,100k+,0.8888888888888888,24,2.0704594594594594,1.0,796478.0,215120.73783783783,5561.036891891892,236.63281162162164,12.0,220930.4075413513,575547.5924586486,260.5108092017274,0.0,8.0,92.0,0.9,87.20220789082336,611136.33,,True,6,,,,cache,,True,,unknown,False,unknown,,False,no-geocode,PASS,none,low,2,2651.164890496216,20.0,low,1500.0,225081.5724318475,571396.4275681525,253.8619316519862,74.74474962070575,True,https://www.sdarcc.gov/content/arcc/home/divisions/recorder-clerk.html,https://gis-portal.sandiegocounty.gov/arcgis/apps/webappviewer/index.html?id=19eedf3237644195b0201c923e49bc12,https://www.sos.ca.gov/business-programs/ucc/,https://leginfo.legislature.ca.gov/faces/codes_displaySection.xhtml?lawCode=RTC&sectionNum=3712.,False,700900.64,796478.0,860196.2400000001,211.39849985374784,282.17088618414505,220930.4075413513,0.6991999999999999,399520.3821556522,1.8083539816983971,5
San Diego,San Diego 2026,318,4760211102,Improved Property,3519 VAN DYKE AVE #02 SAN DIEGO CA 92105-3470,San Diego,92105.0,8000.0,94128.0,False,,True,ACTIVE,5k-20k,1.0,14,2.8913915094339626,1.03,96951.84,23131.1320754717,756.5566037735852,25.44424528301888,12.0,23925.132924528305,73026.7070754717,305.2300996856905,0.0,8.0,92.0,1.0,98.4,74159.9,,True,3,32.742536733881,-117.103244358348,"3519 VAN DYKE AVE, SAN DIEGO, CA, 92105",cache,,True,,unknown,False,low,,False,zoning-miss,PASS,none,high,10,1435.5079754716985,30.0,low,1500.0,26860.6409,70091.1991,260.9438820203281,77.31428571428572,True,https://www.sdarcc.gov/content/arcc/home/divisions/recorder-clerk.html,https://gis-portal.sandiegocounty.gov/arcgis/apps/webappviewer/index.html?id=19eedf3237644195b0201c923e49bc12,https://www.sos.ca.gov/business-programs/ucc/,https://leginfo.legislature.ca.gov/faces/codes_displaySection.xhtml?lawCode=RTC&sectionNum=3712.,False,85317.6192,96951.84,104707.9872,217.63061617788875,289.8193925819544,23925.132924528305,0.770868,54031.062467818796,2.2583390712293836,6
San Diego,San Diego 2026,223,2952104700,Unimproved property,WINDFALL TRL JULIAN CA 92036,Julian,92036.0,4000.0,26426.0,False,,True,ACTIVE,1k-5k,0.2251748251748251,161,1.6346153846153846,1.0,26426.0,6538.461538461538,126.9230769230769,7.1923076923076925,12.0,6684.576923076923,19741.42307692308,295.32793629422497,0.0,16.0,84.0,0.9,86.25840251642016,20291.88,low-historical-sellthrough-bin,True,7,,,,cache,1.2,True,,unknown,False,unknown,,False,no-geocode,PASS,none,low,2,80.21492307692307,20.0,low,1500.0,8264.791846153847,18161.208153846157,219.7418699939523,73.935773585503,True,https://www.sdarcc.gov/content/arcc/home/divisions/recorder-clerk.html,https://gis-portal.sandiegocounty.gov/arcgis/apps/webappviewer/index.html?id=19eedf3237644195b0201c923e49bc12,https://www.sos.ca.gov/business-programs/ucc/,https://leginfo.legislature.ca.gov/faces/codes_displaySection.xhtml?lawCode=RTC&sectionNum=3712.,False,23254.88,26426.0,28540.08,181.372845594678,245.32121959346847,6684.576923076923,0.16172055944055938,2937.040742756449,0.4393757116650135,7
San Diego,San Diego 2026,55,1413503900,Unimproved property,2083 TREBUCHET DR BORREGO SPRINGS CA 92004-4222,Borrego Springs,92004.0,2100.0,16000.0,False,,True,ACTIVE,1k-5k,0.2251748251748251,161,1.6346153846153846,1.0,16000.0,3432.692307692308,66.63461538461539,3.7759615384615386,12.0,3515.1028846153845,12484.897115384616,355.17871098531697,0.0,16.0,84.0,0.9,84.83910507911128,12266.2,low-historical-sellthrough-bin,False,10,33.27107643388,-116.390710008242,"2083 TREBUCHET DR, BORREGO SPRINGS, CA, 92004",cache,,True,,unknown,False,moderate,RS | -,False,,PASS,none,low,2,42.18123461538462,20.0,low,1500.0,5057.28411923077,10942.71588076923,216.3753434211573,72.71923292495254,True,https://www.sdarcc.gov/content/arcc/home/divisions/recorder-clerk.html,https://gis-portal.sandiegocounty.gov/arcgis/apps/webappviewer/index.html?id=19eedf3237644195b0201c923e49bc12,https://www.sos.ca.gov/business-programs/ucc/,https://leginfo.legislature.ca.gov/faces/codes_displaySection.xhtml?lawCode=RTC&sectionNum=3712.,False,14080.0,16000.0,17280.0,178.41030221061845,241.6853708948499,3515.1028846153845,0.16172055944055938,1769.6621340370934,0.5034453306565808,8
San Diego,San Diego 2026,210,2912420800,Unimproved property,MANZANITA DR JULIAN CA,Julian,92036.0,2000.0,13878.0,False,,True,ACTIVE,1k-5k,0.2251748251748251,161,1.6346153846153846,1.0,13878.0,3269.230769230769,63.46153846153845,3.5961538461538463,12.0,3348.288461538461,10529.71153846154,314.4804176645933,0.0,16.0,84.0,0.9,84.31154574288831,10646.37,low-historical-sellthrough-bin,False,11,,,,cache,,True,,unknown,False,unknown,,False,no-geocode,PASS,none,low,2,40.17946153846153,20.0,low,1500.0,4888.4679230769225,8989.532076923078,183.89262685935444,72.26703920818998,True,https://www.sdarcc.gov/content/arcc/home/divisions/recorder-clerk.html,https://gis-portal.sandiegocounty.gov/arcgis/apps/webappviewer/index.html?id=19eedf3237644195b0201c923e49bc12,https://www.sos.ca.gov/business-programs/ucc/,https://leginfo.legislature.ca.gov/faces/codes_displaySection.xhtml?lawCode=RTC&sectionNum=3712.,False,12212.64,13878.0,14988.240000000002,149.82551163623188,206.6040370081028,3348.288461538461,0.16172055944055938,1453.792156588854,0.43418963846408565,9
